2025-08-13 19:57:15.123250,ATS classic HR resume.docx,"Education, educate, departments, available, policies, new, lead, practices, Conflict, Public, confidence, Led, benefit, Activities, Proficient, year, minute, costs, employment, track, programs, independently, affirmative, Type, university, highly, recruitment, reduced, morale, able, Gardner, Resources, state, staffing, self, maintaining, JUNE, human, Street, outreach, efficiencies, symposia, responsive, FL, personnel, driven, Strong, proven, Bachelor, player, environment, quality, Developed, Assisted, Literature, regulations, Experience, Company, Arts, Skiing, achieve, conducted, analytics, Review, website, creating, software, federal, Healthcare, Team, vacation, tasks, PRESENT, Boomtown, Skills, Environmental, labor, employee, minority, prospective, resources, acumen, improve, guest, Ft, experience, dedicated, wide, Society, Organized, OSHA, employees, Jasper, deploy, revise, team, hiring, seminars, workplace, communication, words, Travel, period, company, excellent, Honor, building, skills, conservation, successfully, build, Chicago, high, Janna, management, techniques, Arranged, greater, action, organization, Illinois, Data, assisting, local, fulfilling, Art, work, personal, record, HR, Administrative, retention, Management, Intern, years, motivated, speaking, hospital, positive, increase, compliance, time, raised, development, AUGUST, Yoga, meet, University, Lauderdale, Excellent, Wholeness, options, update, Member, department, rates, Ohio, Main, recruit, GPA, Generalist, requirements, ensure, Lamna, business, needs, laws, speakers, Human, project, negotiating"
2025-08-13 19:57:35.267646,ATS classic HR resume.docx,"Education, educate, departments, available, policies, new, lead, practices, Conflict, Public, confidence, Led, benefit, Activities, Proficient, year, minute, costs, employment, track, programs, independently, affirmative, Type, university, highly, recruitment, reduced, morale, able, Gardner, Resources, state, staffing, self, maintaining, JUNE, human, Street, outreach, efficiencies, symposia, responsive, FL, personnel, driven, Strong, proven, Bachelor, player, environment, quality, Developed, Assisted, Literature, regulations, Experience, Company, Arts, Skiing, achieve, conducted, analytics, Review, website, creating, software, federal, Healthcare, Team, vacation, tasks, PRESENT, Boomtown, Skills, Environmental, labor, employee, minority, prospective, resources, acumen, improve, guest, Ft, experience, dedicated, wide, Society, Organized, OSHA, employees, Jasper, deploy, revise, team, hiring, seminars, workplace, communication, words, Travel, period, company, excellent, Honor, building, skills, conservation, successfully, build, Chicago, high, Janna, management, techniques, Arranged, greater, action, organization, Illinois, Data, assisting, local, fulfilling, Art, work, personal, record, HR, Administrative, retention, Management, Intern, years, motivated, speaking, hospital, positive, increase, compliance, time, raised, development, AUGUST, Yoga, meet, University, Lauderdale, Excellent, Wholeness, options, update, Member, department, rates, Ohio, Main, recruit, GPA, Generalist, requirements, ensure, Lamna, business, needs, laws, speakers, Human, project, negotiating"
2025-08-13 20:07:02.576824,ATS classic HR resume.docx,"business, Assisted, Human, minute, Experience, JUNE, building, website, Boomtown, staffing, record, options, GPA, ensure, hiring, positive, Honor, assisting, rates, Activities, Travel, employee, AUGUST, FL, speaking, Main, Ft, Illinois, seminars, federal, meet, Ohio, minority, Education, Proficient, lead, guest, Skiing, Developed, Art, affirmative, Organized, development, departments, Healthcare, raised, revise, Literature, hospital, Conflict, environment, analytics, recruitment, years, resources, Resources, increase, Society, labor, reduced, project, maintaining, new, conservation, build, driven, motivated, retention, improve, state, benefit, organization, self, Street, period, HR, Yoga, employees, university, outreach, year, Bachelor, practices, OSHA, department, time, University, employment, Chicago, software, Generalist, vacation, Janna, Skills, track, Strong, responsive, Gardner, Excellent, efficiencies, proven, independently, requirements, Jasper, educate, Environmental, highly, Intern, Management, Data, successfully, able, work, laws, Public, Team, acumen, Arranged, symposia, programs, policies, needs, recruit, high, personnel, skills, excellent, confidence, experience, personal, achieve, morale, fulfilling, player, Lamna, update, compliance, PRESENT, Wholeness, costs, deploy, workplace, Review, communication, negotiating, Lauderdale, regulations, human, Type, management, creating, prospective, speakers, words, wide, Arts, Member, Company, action, company, team, available, Administrative, dedicated, local, greater, tasks, techniques, conducted, Led, quality"
2025-08-13 20:07:25.331865,ATS classic HR resume.docx,"business, Assisted, Human, minute, Experience, JUNE, building, website, Boomtown, staffing, record, options, GPA, ensure, hiring, positive, Honor, assisting, rates, Activities, Travel, employee, AUGUST, FL, speaking, Main, Ft, Illinois, seminars, federal, meet, Ohio, minority, Education, Proficient, lead, guest, Skiing, Developed, Art, affirmative, Organized, development, departments, Healthcare, raised, revise, Literature, hospital, Conflict, environment, analytics, recruitment, years, resources, Resources, increase, Society, labor, reduced, project, maintaining, new, conservation, build, driven, motivated, retention, improve, state, benefit, organization, self, Street, period, HR, Yoga, employees, university, outreach, year, Bachelor, practices, OSHA, department, time, University, employment, Chicago, software, Generalist, vacation, Janna, Skills, track, Strong, responsive, Gardner, Excellent, efficiencies, proven, independently, requirements, Jasper, educate, Environmental, highly, Intern, Management, Data, successfully, able, work, laws, Public, Team, acumen, Arranged, symposia, programs, policies, needs, recruit, high, personnel, skills, excellent, confidence, experience, personal, achieve, morale, fulfilling, player, Lamna, update, compliance, PRESENT, Wholeness, costs, deploy, workplace, Review, communication, negotiating, Lauderdale, regulations, human, Type, management, creating, prospective, speakers, words, wide, Arts, Member, Company, action, company, team, available, Administrative, dedicated, local, greater, tasks, techniques, conducted, Led, quality"
2025-08-13 20:08:50.132457,ATS classic HR resume.docx,"business, Assisted, Human, minute, Experience, JUNE, building, website, Boomtown, staffing, record, options, GPA, ensure, hiring, positive, Honor, assisting, rates, Activities, Travel, employee, AUGUST, FL, speaking, Main, Ft, Illinois, seminars, federal, meet, Ohio, minority, Education, Proficient, lead, guest, Skiing, Developed, Art, affirmative, Organized, development, departments, Healthcare, raised, revise, Literature, hospital, Conflict, environment, analytics, recruitment, years, resources, Resources, increase, Society, labor, reduced, project, maintaining, new, conservation, build, driven, motivated, retention, improve, state, benefit, organization, self, Street, period, HR, Yoga, employees, university, outreach, year, Bachelor, practices, OSHA, department, time, University, employment, Chicago, software, Generalist, vacation, Janna, Skills, track, Strong, responsive, Gardner, Excellent, efficiencies, proven, independently, requirements, Jasper, educate, Environmental, highly, Intern, Management, Data, successfully, able, work, laws, Public, Team, acumen, Arranged, symposia, programs, policies, needs, recruit, high, personnel, skills, excellent, confidence, experience, personal, achieve, morale, fulfilling, player, Lamna, update, compliance, PRESENT, Wholeness, costs, deploy, workplace, Review, communication, negotiating, Lauderdale, regulations, human, Type, management, creating, prospective, speakers, words, wide, Arts, Member, Company, action, company, team, available, Administrative, dedicated, local, greater, tasks, techniques, conducted, Led, quality"
2025-08-13 20:10:07.275401,Color block resume.docx,
2025-08-13 20:10:28.095654,ATS classic HR resume.docx,"business, Assisted, Human, minute, Experience, JUNE, building, website, Boomtown, staffing, record, options, GPA, ensure, hiring, positive, Honor, assisting, rates, Activities, Travel, employee, AUGUST, FL, speaking, Main, Ft, Illinois, seminars, federal, meet, Ohio, minority, Education, Proficient, lead, guest, Skiing, Developed, Art, affirmative, Organized, development, departments, Healthcare, raised, revise, Literature, hospital, Conflict, environment, analytics, recruitment, years, resources, Resources, increase, Society, labor, reduced, project, maintaining, new, conservation, build, driven, motivated, retention, improve, state, benefit, organization, self, Street, period, HR, Yoga, employees, university, outreach, year, Bachelor, practices, OSHA, department, time, University, employment, Chicago, software, Generalist, vacation, Janna, Skills, track, Strong, responsive, Gardner, Excellent, efficiencies, proven, independently, requirements, Jasper, educate, Environmental, highly, Intern, Management, Data, successfully, able, work, laws, Public, Team, acumen, Arranged, symposia, programs, policies, needs, recruit, high, personnel, skills, excellent, confidence, experience, personal, achieve, morale, fulfilling, player, Lamna, update, compliance, PRESENT, Wholeness, costs, deploy, workplace, Review, communication, negotiating, Lauderdale, regulations, human, Type, management, creating, prospective, speakers, words, wide, Arts, Member, Company, action, company, team, available, Administrative, dedicated, local, greater, tasks, techniques, conducted, Led, quality"
2025-08-13 20:12:10.491372,Color block resume.docx,
2025-08-13 20:12:31.666108,Color block resume.docx,
2025-08-13 20:12:40.722017,Color block resume.docx,
2025-08-13 20:13:02.560509,Color block resume.docx,
2025-08-13 21:39:23.818875,ATS classic HR resume.docx,"able, achieve, action, activities, acumen, administrative, affirmative, analytics, arranged, art, arts, assisted, assisting, august, available, bachelor, benefit, boomtown, build, building, business, chicago, communication, company, compliance, conducted, confidence, conflict, conservation, costs, creating, data, dedicated, department, departments, deploy, developed, development, driven, educate, education, efficiencies, employee, employees, employment, ensure, environment, environmental, excellent, experience, federal, fl, ft, fulfilling, gardner, generalist, gpa, greater, guest, healthcare, high, highly, hiring, honor, hospital, hr, human, illinois, improve, increase, independently, intern, janna, jasper, june, labor, lamna, lauderdale, laws, lead, led, literature, local, main, maintaining, management, meet, member, minority, minute, morale, motivated, needs, negotiating, new, ohio, options, organization, organized, osha, outreach, period, personal, personnel, player, policies, positive, practices, present, proficient, programs, project, prospective, proven, public, quality, raised, rates, record, recruit, recruitment, reduced, regulations, requirements, resources, responsive, retention, review, revise, self, seminars, skiing, skills, society, software, speakers, speaking, staffing, state, street, strong, successfully, symposia, tasks, team, techniques, time, track, travel, type, university, update, vacation, website, wholeness, wide, words, work, workplace, year, years, yoga"
2025-08-13 21:40:18.464816,ATS classic HR resume.docx,"able, achieve, action, activities, acumen, administrative, affirmative, analytics, arranged, art, arts, assisted, assisting, august, available, bachelor, benefit, boomtown, build, building, business, chicago, communication, company, compliance, conducted, confidence, conflict, conservation, costs, creating, data, dedicated, department, departments, deploy, developed, development, driven, educate, education, efficiencies, employee, employees, employment, ensure, environment, environmental, excellent, experience, federal, fl, ft, fulfilling, gardner, generalist, gpa, greater, guest, healthcare, high, highly, hiring, honor, hospital, hr, human, illinois, improve, increase, independently, intern, janna, jasper, june, labor, lamna, lauderdale, laws, lead, led, literature, local, main, maintaining, management, meet, member, minority, minute, morale, motivated, needs, negotiating, new, ohio, options, organization, organized, osha, outreach, period, personal, personnel, player, policies, positive, practices, present, proficient, programs, project, prospective, proven, public, quality, raised, rates, record, recruit, recruitment, reduced, regulations, requirements, resources, responsive, retention, review, revise, self, seminars, skiing, skills, society, software, speakers, speaking, staffing, state, street, strong, successfully, symposia, tasks, team, techniques, time, track, travel, type, university, update, vacation, website, wholeness, wide, words, work, workplace, year, years, yoga"
2025-08-13 21:42:05.004712,ATS classic HR resume.docx,"able, achieve, action, activities, acumen, administrative, affirmative, analytics, arranged, art, arts, assisted, assisting, august, available, bachelor, benefit, boomtown, build, building, business, chicago, communication, company, compliance, conducted, confidence, conflict, conservation, costs, creating, data, dedicated, department, departments, deploy, developed, development, driven, educate, education, efficiencies, employee, employees, employment, ensure, environment, environmental, excellent, experience, federal, fl, ft, fulfilling, gardner, generalist, gpa, greater, guest, healthcare, high, highly, hiring, honor, hospital, hr, human, illinois, improve, increase, independently, intern, janna, jasper, june, labor, lamna, lauderdale, laws, lead, led, literature, local, main, maintaining, management, meet, member, minority, minute, morale, motivated, needs, negotiating, new, ohio, options, organization, organized, osha, outreach, period, personal, personnel, player, policies, positive, practices, present, proficient, programs, project, prospective, proven, public, quality, raised, rates, record, recruit, recruitment, reduced, regulations, requirements, resources, responsive, retention, review, revise, self, seminars, skiing, skills, society, software, speakers, speaking, staffing, state, street, strong, successfully, symposia, tasks, team, techniques, time, track, travel, type, university, update, vacation, website, wholeness, wide, words, work, workplace, year, years, yoga"
2025-08-13 21:42:15.739216,ATS classic HR resume.docx,"able, achieve, action, activities, acumen, administrative, affirmative, analytics, arranged, art, arts, assisted, assisting, august, available, bachelor, benefit, boomtown, build, building, business, chicago, communication, company, compliance, conducted, confidence, conflict, conservation, costs, creating, data, dedicated, department, departments, deploy, developed, development, driven, educate, education, efficiencies, employee, employees, employment, ensure, environment, environmental, excellent, experience, federal, fl, ft, fulfilling, gardner, generalist, gpa, greater, guest, healthcare, high, highly, hiring, honor, hospital, hr, human, illinois, improve, increase, independently, intern, janna, jasper, june, labor, lamna, lauderdale, laws, lead, led, literature, local, main, maintaining, management, meet, member, minority, minute, morale, motivated, needs, negotiating, new, ohio, options, organization, organized, osha, outreach, period, personal, personnel, player, policies, positive, practices, present, proficient, programs, project, prospective, proven, public, quality, raised, rates, record, recruit, recruitment, reduced, regulations, requirements, resources, responsive, retention, review, revise, self, seminars, skiing, skills, society, software, speakers, speaking, staffing, state, street, strong, successfully, symposia, tasks, team, techniques, time, track, travel, type, university, update, vacation, website, wholeness, wide, words, work, workplace, year, years, yoga"
2025-08-13 21:43:31.910971,ATS classic HR resume.docx,"able, achieve, action, activities, acumen, administrative, affirmative, analytics, arranged, art, arts, assisted, assisting, august, available, bachelor, benefit, boomtown, build, building, business, chicago, communication, company, compliance, conducted, confidence, conflict, conservation, costs, creating, data, dedicated, department, departments, deploy, developed, development, driven, educate, education, efficiencies, employee, employees, employment, ensure, environment, environmental, excellent, experience, federal, fl, ft, fulfilling, gardner, generalist, gpa, greater, guest, healthcare, high, highly, hiring, honor, hospital, hr, human, illinois, improve, increase, independently, intern, janna, jasper, june, labor, lamna, lauderdale, laws, lead, led, literature, local, main, maintaining, management, meet, member, minority, minute, morale, motivated, needs, negotiating, new, ohio, options, organization, organized, osha, outreach, period, personal, personnel, player, policies, positive, practices, present, proficient, programs, project, prospective, proven, public, quality, raised, rates, record, recruit, recruitment, reduced, regulations, requirements, resources, responsive, retention, review, revise, self, seminars, skiing, skills, society, software, speakers, speaking, staffing, state, street, strong, successfully, symposia, tasks, team, techniques, time, track, travel, type, university, update, vacation, website, wholeness, wide, words, work, workplace, year, years, yoga"
2025-08-13 21:44:26.246434,ATS classic HR resume.docx,"able, achieve, action, activities, acumen, administrative, affirmative, analytics, arranged, art, arts, assisted, assisting, august, available, bachelor, benefit, boomtown, build, building, business, chicago, communication, company, compliance, conducted, confidence, conflict, conservation, costs, creating, data, dedicated, department, departments, deploy, developed, development, driven, educate, education, efficiencies, employee, employees, employment, ensure, environment, environmental, excellent, experience, federal, fl, ft, fulfilling, gardner, generalist, gpa, greater, guest, healthcare, high, highly, hiring, honor, hospital, hr, human, illinois, improve, increase, independently, intern, janna, jasper, june, labor, lamna, lauderdale, laws, lead, led, literature, local, main, maintaining, management, meet, member, minority, minute, morale, motivated, needs, negotiating, new, ohio, options, organization, organized, osha, outreach, period, personal, personnel, player, policies, positive, practices, present, proficient, programs, project, prospective, proven, public, quality, raised, rates, record, recruit, recruitment, reduced, regulations, requirements, resources, responsive, retention, review, revise, self, seminars, skiing, skills, society, software, speakers, speaking, staffing, state, street, strong, successfully, symposia, tasks, team, techniques, time, track, travel, type, university, update, vacation, website, wholeness, wide, words, work, workplace, year, years, yoga"
2025-08-13 21:48:32.143599,ATS classic HR resume.docx,"able, achieve, action, activities, acumen, administrative, affirmative, analytics, arranged, art, arts, assisted, assisting, august, available, bachelor, benefit, boomtown, build, building, business, chicago, communication, company, compliance, conducted, confidence, conflict, conservation, costs, creating, data, dedicated, department, departments, deploy, developed, development, driven, educate, education, efficiencies, employee, employees, employment, ensure, environment, environmental, excellent, experience, federal, fl, ft, fulfilling, gardner, generalist, gpa, greater, guest, healthcare, high, highly, hiring, honor, hospital, hr, human, illinois, improve, increase, independently, intern, janna, jasper, june, labor, lamna, lauderdale, laws, lead, led, literature, local, main, maintaining, management, meet, member, minority, minute, morale, motivated, needs, negotiating, new, ohio, options, organization, organized, osha, outreach, period, personal, personnel, player, policies, positive, practices, present, proficient, programs, project, prospective, proven, public, quality, raised, rates, record, recruit, recruitment, reduced, regulations, requirements, resources, responsive, retention, review, revise, self, seminars, skiing, skills, society, software, speakers, speaking, staffing, state, street, strong, successfully, symposia, tasks, team, techniques, time, track, travel, type, university, update, vacation, website, wholeness, wide, words, work, workplace, year, years, yoga"
2025-08-13 21:48:43.290900,ATS classic HR resume.docx,"able, achieve, action, activities, acumen, administrative, affirmative, analytics, arranged, art, arts, assisted, assisting, august, available, bachelor, benefit, boomtown, build, building, business, chicago, communication, company, compliance, conducted, confidence, conflict, conservation, costs, creating, data, dedicated, department, departments, deploy, developed, development, driven, educate, education, efficiencies, employee, employees, employment, ensure, environment, environmental, excellent, experience, federal, fl, ft, fulfilling, gardner, generalist, gpa, greater, guest, healthcare, high, highly, hiring, honor, hospital, hr, human, illinois, improve, increase, independently, intern, janna, jasper, june, labor, lamna, lauderdale, laws, lead, led, literature, local, main, maintaining, management, meet, member, minority, minute, morale, motivated, needs, negotiating, new, ohio, options, organization, organized, osha, outreach, period, personal, personnel, player, policies, positive, practices, present, proficient, programs, project, prospective, proven, public, quality, raised, rates, record, recruit, recruitment, reduced, regulations, requirements, resources, responsive, retention, review, revise, self, seminars, skiing, skills, society, software, speakers, speaking, staffing, state, street, strong, successfully, symposia, tasks, team, techniques, time, track, travel, type, university, update, vacation, website, wholeness, wide, words, work, workplace, year, years, yoga"
2025-08-13 21:49:22.373645,ATS classic HR resume.docx,"able, achieve, action, activities, acumen, administrative, affirmative, analytics, arranged, art, arts, assisted, assisting, august, available, bachelor, benefit, boomtown, build, building, business, chicago, communication, company, compliance, conducted, confidence, conflict, conservation, costs, creating, data, dedicated, department, departments, deploy, developed, development, driven, educate, education, efficiencies, employee, employees, employment, ensure, environment, environmental, excellent, experience, federal, fl, ft, fulfilling, gardner, generalist, gpa, greater, guest, healthcare, high, highly, hiring, honor, hospital, hr, human, illinois, improve, increase, independently, intern, janna, jasper, june, labor, lamna, lauderdale, laws, lead, led, literature, local, main, maintaining, management, meet, member, minority, minute, morale, motivated, needs, negotiating, new, ohio, options, organization, organized, osha, outreach, period, personal, personnel, player, policies, positive, practices, present, proficient, programs, project, prospective, proven, public, quality, raised, rates, record, recruit, recruitment, reduced, regulations, requirements, resources, responsive, retention, review, revise, self, seminars, skiing, skills, society, software, speakers, speaking, staffing, state, street, strong, successfully, symposia, tasks, team, techniques, time, track, travel, type, university, update, vacation, website, wholeness, wide, words, work, workplace, year, years, yoga"
2025-08-13 21:53:45.495576,ATS classic HR resume.docx,"able, achieve, action, activities, acumen, administrative, affirmative, analytics, arranged, art, arts, assisted, assisting, august, available, bachelor, benefit, boomtown, build, building, business, chicago, communication, company, compliance, conducted, confidence, conflict, conservation, costs, creating, data, dedicated, department, departments, deploy, developed, development, driven, educate, education, efficiencies, employee, employees, employment, ensure, environment, environmental, excellent, experience, federal, fl, ft, fulfilling, gardner, generalist, gpa, greater, guest, healthcare, high, highly, hiring, honor, hospital, hr, human, illinois, improve, increase, independently, intern, janna, jasper, june, labor, lamna, lauderdale, laws, lead, led, literature, local, main, maintaining, management, meet, member, minority, minute, morale, motivated, needs, negotiating, new, ohio, options, organization, organized, osha, outreach, period, personal, personnel, player, policies, positive, practices, present, proficient, programs, project, prospective, proven, public, quality, raised, rates, record, recruit, recruitment, reduced, regulations, requirements, resources, responsive, retention, review, revise, self, seminars, skiing, skills, society, software, speakers, speaking, staffing, state, street, strong, successfully, symposia, tasks, team, techniques, time, track, travel, type, university, update, vacation, website, wholeness, wide, words, work, workplace, year, years, yoga"
2025-08-13 21:53:52.713829,ATS classic HR resume.docx,"able, achieve, action, activities, acumen, administrative, affirmative, analytics, arranged, art, arts, assisted, assisting, august, available, bachelor, benefit, boomtown, build, building, business, chicago, communication, company, compliance, conducted, confidence, conflict, conservation, costs, creating, data, dedicated, department, departments, deploy, developed, development, driven, educate, education, efficiencies, employee, employees, employment, ensure, environment, environmental, excellent, experience, federal, fl, ft, fulfilling, gardner, generalist, gpa, greater, guest, healthcare, high, highly, hiring, honor, hospital, hr, human, illinois, improve, increase, independently, intern, janna, jasper, june, labor, lamna, lauderdale, laws, lead, led, literature, local, main, maintaining, management, meet, member, minority, minute, morale, motivated, needs, negotiating, new, ohio, options, organization, organized, osha, outreach, period, personal, personnel, player, policies, positive, practices, present, proficient, programs, project, prospective, proven, public, quality, raised, rates, record, recruit, recruitment, reduced, regulations, requirements, resources, responsive, retention, review, revise, self, seminars, skiing, skills, society, software, speakers, speaking, staffing, state, street, strong, successfully, symposia, tasks, team, techniques, time, track, travel, type, university, update, vacation, website, wholeness, wide, words, work, workplace, year, years, yoga"
2025-08-13 21:54:32.808354,ATS classic HR resume.docx,"able, achieve, action, activities, acumen, administrative, affirmative, analytics, arranged, art, arts, assisted, assisting, august, available, bachelor, benefit, boomtown, build, building, business, chicago, communication, company, compliance, conducted, confidence, conflict, conservation, costs, creating, data, dedicated, department, departments, deploy, developed, development, driven, educate, education, efficiencies, employee, employees, employment, ensure, environment, environmental, excellent, experience, federal, fl, ft, fulfilling, gardner, generalist, gpa, greater, guest, healthcare, high, highly, hiring, honor, hospital, hr, human, illinois, improve, increase, independently, intern, janna, jasper, june, labor, lamna, lauderdale, laws, lead, led, literature, local, main, maintaining, management, meet, member, minority, minute, morale, motivated, needs, negotiating, new, ohio, options, organization, organized, osha, outreach, period, personal, personnel, player, policies, positive, practices, present, proficient, programs, project, prospective, proven, public, quality, raised, rates, record, recruit, recruitment, reduced, regulations, requirements, resources, responsive, retention, review, revise, self, seminars, skiing, skills, society, software, speakers, speaking, staffing, state, street, strong, successfully, symposia, tasks, team, techniques, time, track, travel, type, university, update, vacation, website, wholeness, wide, words, work, workplace, year, years, yoga"
2025-08-13 22:06:15.898497,ATS classic HR resume.docx,"able, achieve, action, activities, acumen, administrative, affirmative, analytics, arranged, art, arts, assisted, assisting, august, available, bachelor, benefit, boomtown, build, building, business, chicago, communication, company, compliance, conducted, confidence, conflict, conservation, costs, creating, data, dedicated, department, departments, deploy, developed, development, driven, educate, education, efficiencies, employee, employees, employment, ensure, environment, environmental, excellent, experience, federal, fl, ft, fulfilling, gardner, generalist, gpa, greater, guest, healthcare, high, highly, hiring, honor, hospital, hr, human, illinois, improve, increase, independently, intern, janna, jasper, june, labor, lamna, lauderdale, laws, lead, led, literature, local, main, maintaining, management, meet, member, minority, minute, morale, motivated, needs, negotiating, new, ohio, options, organization, organized, osha, outreach, period, personal, personnel, player, policies, positive, practices, present, proficient, programs, project, prospective, proven, public, quality, raised, rates, record, recruit, recruitment, reduced, regulations, requirements, resources, responsive, retention, review, revise, self, seminars, skiing, skills, society, software, speakers, speaking, staffing, state, street, strong, successfully, symposia, tasks, team, techniques, time, track, travel, type, university, update, vacation, website, wholeness, wide, words, work, workplace, year, years, yoga"
2025-08-13 22:06:24.912411,ATS classic HR resume.docx,"able, achieve, action, activities, acumen, administrative, affirmative, analytics, arranged, art, arts, assisted, assisting, august, available, bachelor, benefit, boomtown, build, building, business, chicago, communication, company, compliance, conducted, confidence, conflict, conservation, costs, creating, data, dedicated, department, departments, deploy, developed, development, driven, educate, education, efficiencies, employee, employees, employment, ensure, environment, environmental, excellent, experience, federal, fl, ft, fulfilling, gardner, generalist, gpa, greater, guest, healthcare, high, highly, hiring, honor, hospital, hr, human, illinois, improve, increase, independently, intern, janna, jasper, june, labor, lamna, lauderdale, laws, lead, led, literature, local, main, maintaining, management, meet, member, minority, minute, morale, motivated, needs, negotiating, new, ohio, options, organization, organized, osha, outreach, period, personal, personnel, player, policies, positive, practices, present, proficient, programs, project, prospective, proven, public, quality, raised, rates, record, recruit, recruitment, reduced, regulations, requirements, resources, responsive, retention, review, revise, self, seminars, skiing, skills, society, software, speakers, speaking, staffing, state, street, strong, successfully, symposia, tasks, team, techniques, time, track, travel, type, university, update, vacation, website, wholeness, wide, words, work, workplace, year, years, yoga"
2025-08-13 22:06:31.405214,ATS classic HR resume.docx,"able, achieve, action, activities, acumen, administrative, affirmative, analytics, arranged, art, arts, assisted, assisting, august, available, bachelor, benefit, boomtown, build, building, business, chicago, communication, company, compliance, conducted, confidence, conflict, conservation, costs, creating, data, dedicated, department, departments, deploy, developed, development, driven, educate, education, efficiencies, employee, employees, employment, ensure, environment, environmental, excellent, experience, federal, fl, ft, fulfilling, gardner, generalist, gpa, greater, guest, healthcare, high, highly, hiring, honor, hospital, hr, human, illinois, improve, increase, independently, intern, janna, jasper, june, labor, lamna, lauderdale, laws, lead, led, literature, local, main, maintaining, management, meet, member, minority, minute, morale, motivated, needs, negotiating, new, ohio, options, organization, organized, osha, outreach, period, personal, personnel, player, policies, positive, practices, present, proficient, programs, project, prospective, proven, public, quality, raised, rates, record, recruit, recruitment, reduced, regulations, requirements, resources, responsive, retention, review, revise, self, seminars, skiing, skills, society, software, speakers, speaking, staffing, state, street, strong, successfully, symposia, tasks, team, techniques, time, track, travel, type, university, update, vacation, website, wholeness, wide, words, work, workplace, year, years, yoga"
2025-08-13 22:11:43.719750,ATS classic HR resume.docx,"able, achieve, action, activities, acumen, administrative, affirmative, analytics, arranged, art, arts, assisted, assisting, august, available, bachelor, benefit, boomtown, build, building, business, chicago, communication, company, compliance, conducted, confidence, conflict, conservation, costs, creating, data, dedicated, department, departments, deploy, developed, development, driven, educate, education, efficiencies, employee, employees, employment, ensure, environment, environmental, excellent, experience, federal, fl, ft, fulfilling, gardner, generalist, gpa, greater, guest, healthcare, high, highly, hiring, honor, hospital, hr, human, illinois, improve, increase, independently, intern, janna, jasper, june, labor, lamna, lauderdale, laws, lead, led, literature, local, main, maintaining, management, meet, member, minority, minute, morale, motivated, needs, negotiating, new, ohio, options, organization, organized, osha, outreach, period, personal, personnel, player, policies, positive, practices, present, proficient, programs, project, prospective, proven, public, quality, raised, rates, record, recruit, recruitment, reduced, regulations, requirements, resources, responsive, retention, review, revise, self, seminars, skiing, skills, society, software, speakers, speaking, staffing, state, street, strong, successfully, symposia, tasks, team, techniques, time, track, travel, type, university, update, vacation, website, wholeness, wide, words, work, workplace, year, years, yoga"
2025-08-13 22:11:50.745138,ATS classic HR resume.docx,"able, achieve, action, activities, acumen, administrative, affirmative, analytics, arranged, art, arts, assisted, assisting, august, available, bachelor, benefit, boomtown, build, building, business, chicago, communication, company, compliance, conducted, confidence, conflict, conservation, costs, creating, data, dedicated, department, departments, deploy, developed, development, driven, educate, education, efficiencies, employee, employees, employment, ensure, environment, environmental, excellent, experience, federal, fl, ft, fulfilling, gardner, generalist, gpa, greater, guest, healthcare, high, highly, hiring, honor, hospital, hr, human, illinois, improve, increase, independently, intern, janna, jasper, june, labor, lamna, lauderdale, laws, lead, led, literature, local, main, maintaining, management, meet, member, minority, minute, morale, motivated, needs, negotiating, new, ohio, options, organization, organized, osha, outreach, period, personal, personnel, player, policies, positive, practices, present, proficient, programs, project, prospective, proven, public, quality, raised, rates, record, recruit, recruitment, reduced, regulations, requirements, resources, responsive, retention, review, revise, self, seminars, skiing, skills, society, software, speakers, speaking, staffing, state, street, strong, successfully, symposia, tasks, team, techniques, time, track, travel, type, university, update, vacation, website, wholeness, wide, words, work, workplace, year, years, yoga"
2025-08-13 22:12:02.663280,ATS classic HR resume.docx,"able, achieve, action, activities, acumen, administrative, affirmative, analytics, arranged, art, arts, assisted, assisting, august, available, bachelor, benefit, boomtown, build, building, business, chicago, communication, company, compliance, conducted, confidence, conflict, conservation, costs, creating, data, dedicated, department, departments, deploy, developed, development, driven, educate, education, efficiencies, employee, employees, employment, ensure, environment, environmental, excellent, experience, federal, fl, ft, fulfilling, gardner, generalist, gpa, greater, guest, healthcare, high, highly, hiring, honor, hospital, hr, human, illinois, improve, increase, independently, intern, janna, jasper, june, labor, lamna, lauderdale, laws, lead, led, literature, local, main, maintaining, management, meet, member, minority, minute, morale, motivated, needs, negotiating, new, ohio, options, organization, organized, osha, outreach, period, personal, personnel, player, policies, positive, practices, present, proficient, programs, project, prospective, proven, public, quality, raised, rates, record, recruit, recruitment, reduced, regulations, requirements, resources, responsive, retention, review, revise, self, seminars, skiing, skills, society, software, speakers, speaking, staffing, state, street, strong, successfully, symposia, tasks, team, techniques, time, track, travel, type, university, update, vacation, website, wholeness, wide, words, work, workplace, year, years, yoga"
2025-08-13 22:12:18.135559,ATS classic HR resume.docx,"able, achieve, action, activities, acumen, administrative, affirmative, analytics, arranged, art, arts, assisted, assisting, august, available, bachelor, benefit, boomtown, build, building, business, chicago, communication, company, compliance, conducted, confidence, conflict, conservation, costs, creating, data, dedicated, department, departments, deploy, developed, development, driven, educate, education, efficiencies, employee, employees, employment, ensure, environment, environmental, excellent, experience, federal, fl, ft, fulfilling, gardner, generalist, gpa, greater, guest, healthcare, high, highly, hiring, honor, hospital, hr, human, illinois, improve, increase, independently, intern, janna, jasper, june, labor, lamna, lauderdale, laws, lead, led, literature, local, main, maintaining, management, meet, member, minority, minute, morale, motivated, needs, negotiating, new, ohio, options, organization, organized, osha, outreach, period, personal, personnel, player, policies, positive, practices, present, proficient, programs, project, prospective, proven, public, quality, raised, rates, record, recruit, recruitment, reduced, regulations, requirements, resources, responsive, retention, review, revise, self, seminars, skiing, skills, society, software, speakers, speaking, staffing, state, street, strong, successfully, symposia, tasks, team, techniques, time, track, travel, type, university, update, vacation, website, wholeness, wide, words, work, workplace, year, years, yoga"
2025-08-13 22:12:51.107262,ATS classic HR resume.docx,"able, achieve, action, activities, acumen, administrative, affirmative, analytics, arranged, art, arts, assisted, assisting, august, available, bachelor, benefit, boomtown, build, building, business, chicago, communication, company, compliance, conducted, confidence, conflict, conservation, costs, creating, data, dedicated, department, departments, deploy, developed, development, driven, educate, education, efficiencies, employee, employees, employment, ensure, environment, environmental, excellent, experience, federal, fl, ft, fulfilling, gardner, generalist, gpa, greater, guest, healthcare, high, highly, hiring, honor, hospital, hr, human, illinois, improve, increase, independently, intern, janna, jasper, june, labor, lamna, lauderdale, laws, lead, led, literature, local, main, maintaining, management, meet, member, minority, minute, morale, motivated, needs, negotiating, new, ohio, options, organization, organized, osha, outreach, period, personal, personnel, player, policies, positive, practices, present, proficient, programs, project, prospective, proven, public, quality, raised, rates, record, recruit, recruitment, reduced, regulations, requirements, resources, responsive, retention, review, revise, self, seminars, skiing, skills, society, software, speakers, speaking, staffing, state, street, strong, successfully, symposia, tasks, team, techniques, time, track, travel, type, university, update, vacation, website, wholeness, wide, words, work, workplace, year, years, yoga"
2025-08-13 22:13:17.421070,ATS classic HR resume.docx,"able, achieve, action, activities, acumen, administrative, affirmative, analytics, arranged, art, arts, assisted, assisting, august, available, bachelor, benefit, boomtown, build, building, business, chicago, communication, company, compliance, conducted, confidence, conflict, conservation, costs, creating, data, dedicated, department, departments, deploy, developed, development, driven, educate, education, efficiencies, employee, employees, employment, ensure, environment, environmental, excellent, experience, federal, fl, ft, fulfilling, gardner, generalist, gpa, greater, guest, healthcare, high, highly, hiring, honor, hospital, hr, human, illinois, improve, increase, independently, intern, janna, jasper, june, labor, lamna, lauderdale, laws, lead, led, literature, local, main, maintaining, management, meet, member, minority, minute, morale, motivated, needs, negotiating, new, ohio, options, organization, organized, osha, outreach, period, personal, personnel, player, policies, positive, practices, present, proficient, programs, project, prospective, proven, public, quality, raised, rates, record, recruit, recruitment, reduced, regulations, requirements, resources, responsive, retention, review, revise, self, seminars, skiing, skills, society, software, speakers, speaking, staffing, state, street, strong, successfully, symposia, tasks, team, techniques, time, track, travel, type, university, update, vacation, website, wholeness, wide, words, work, workplace, year, years, yoga"
2025-08-13 22:13:45.530725,ATS classic HR resume - Copy.docx,"art, conservation, ntal, skiing, travel, yoga"
2025-08-13 22:13:51.141525,ATS classic HR resume - Copy.docx,"art, conservation, ntal, skiing, travel, yoga"
2025-08-13 22:14:18.157008,ATS classic HR resume - Copy.docx,"art, conservation, ntal, skiing, travel, yoga"
2025-08-13 22:14:41.425877,ATS classic HR resume - Copy.docx,"art, conservation, ntal, skiing, travel, yoga"
2025-08-13 22:15:10.860977,ATS classic HR resume - Copy.docx,"art, conservation, ntal, skiing, travel, yoga"
2025-08-13 22:16:11.810525,ATS classic HR resume - Copy.docx,"art, conservation, ntal, skiing, travel, yoga"
2025-08-14 10:55:02,ATS classic HR resume - Copy.docx,"art, conservation, ntal, skiing, travel, yoga"
2025-08-14 10:55:06,ATS classic HR resume - Copy.docx,"art, conservation, ntal, skiing, travel, yoga"
2025-08-14 10:55:31,ATS classic HR resume - Copy.docx,"art, conservation, ntal, skiing, travel, yoga"
